episode,step,r,c,has_key,energy,action,reward,next_r,next_c,next_has_key,next_energy,event,q_before,max_next_q,td_target,td_error,q_after,alpha,gamma,epsilon
2500,0,1,1,0,500,3,-1.0,1,2,0,499,move,4.449127040464487,5.730580740008835,4.444051703008394,-0.00507533745609301,4.448619506718877,0.1,0.95,0.01
2500,1,1,2,0,499,3,-1.0,1,3,0,498,move,5.730580740008835,7.079156641116606,5.7251988090607755,-0.005381930948059832,5.73004254691403,0.1,0.95,0.01
2500,2,1,3,0,498,1,-1.0,2,3,0,497,move,7.079156641116606,8.49847842222435,7.073554501113133,-0.005602140003473366,7.078596427116259,0.1,0.95,0.01
2500,3,2,3,0,497,1,-1.0,3,3,0,496,move,8.49847842222435,9.992338354991883,8.492721437242288,-0.005756984982062008,8.497902723726144,0.1,0.95,0.01
2500,4,3,3,0,496,1,-1.0,4,3,0,495,move,9.992338354991883,11.564654994545702,9.986422244818415,-0.005916110173467715,9.991746743974536,0.1,0.95,0.01
2500,5,4,3,0,495,0,-1.0,3,3,0,494,move,11.564654994545702,13.219516666131687,11.558540832825102,-0.006114161720599753,11.564043578373642,0.1,0.95,0.01
2500,6,3,3,0,494,2,-1.0,3,2,0,493,move,13.219516666131687,14.961220686281562,13.213159651967484,-0.006357014164203534,13.218880964715266,0.1,0.95,0.01
2500,7,3,2,0,493,3,-1.0,3,3,0,492,move,14.961220686281562,16.794263605487526,14.95455042521315,-0.006670261068412842,14.960553660174721,0.1,0.95,0.01
2500,8,3,3,0,492,1,-1.0,3,2,0,491,move,16.794263605487526,18.723428552624778,16.787257124993538,-0.007006480493988221,16.793562957438127,0.1,0.95,0.01
2500,9,3,2,0,491,2,-1.0,3,1,0,490,move,18.723428552624778,20.75382053455123,18.71612950782367,-0.007299044801108323,18.722698648144668,0.1,0.95,0.01
2500,10,3,1,0,490,0,-1.0,2,1,0,489,move,20.75382053455123,22.890757362688902,20.746219494554456,-0.007601039996774972,20.753060430551553,0.1,0.95,0.01
2500,11,2,1,0,489,1,-1.0,3,1,0,488,move,22.890757362688902,25.139758330883243,22.88277041433908,-0.007986948349820722,22.889958667853918,0.1,0.95,0.01
2500,12,3,1,0,488,3,-1.0,3,2,0,487,move,25.139758330883243,27.506746974268005,25.131409625554603,-0.008348705328639738,25.13892346035038,0.1,0.95,0.01
2500,13,3,2,0,487,3,-1.0,3,3,0,486,move,27.506746974268005,29.998018544211796,27.498117617001206,-0.008629357266798365,27.505884038541325,0.1,0.95,0.01
2500,14,3,3,0,486,3,-1.0,3,4,0,485,move,29.998018544211796,32.62013252830821,29.9891259018928,-0.008892642318997446,29.997129279979895,0.1,0.95,0.01
2500,15,3,4,0,485,3,-1.0,3,5,0,484,move,32.62013252830821,35.38002954791326,32.6110280705176,-0.009104457790613196,32.61922208252915,0.1,0.95,0.01
2500,16,3,5,0,484,1,-1.0,4,5,0,483,move,35.38002954791326,38.28484551358697,35.37060323790762,-0.009426310005636651,35.3790869169127,0.1,0.95,0.01
2500,17,4,5,0,483,0,-1.0,3,5,0,482,move,-0.334643791476875,33.71189591008039,31.02630111457637,31.360944906053245,2.80145069912845,0.1,0.95,0.01
2500,18,3,5,0,482,2,-1.0,4,5,0,481,move,33.71189591008039,39.52100208601123,36.54495198171067,2.833056071630274,33.99520151724342,0.1,0.95,0.01
2500,19,4,5,0,481,1,-1.0,5,5,0,480,move,39.52100208601123,43.26609961845803,40.102794637535126,0.5817925515238969,39.57918134116362,0.1,0.95,0.01
2500,20,5,5,0,480,1,-1.0,6,5,0,479,move,43.26609961845803,45.97458068626984,42.67585165195634,-0.5902479665016855,43.20707482180786,0.1,0.95,0.01
2500,21,6,5,0,479,3,49.0,6,6,1,478,key_pickup,45.97458068626984,-3.572981195332736,45.6056678644339,-0.36891282183594143,45.93768940408624,0.1,0.95,0.01
2500,22,6,6,1,478,2,-1.0,6,5,1,477,move,-3.572981195332736,-3.1058052476530595,-3.9505149852704062,-0.37753378993767006,-3.610734574326503,0.1,0.95,0.01
2500,23,6,5,1,477,0,-1.0,5,5,1,476,move,-3.1058052476530595,-2.588417585462718,-3.458996706189582,-0.35319145853652234,-3.1411243935067117,0.1,0.95,0.01
2500,24,5,5,1,476,2,-1.0,6,5,1,475,move,-2.588417585462718,-2.119271467006395,-3.013307893656075,-0.42489030819335705,-2.630906616282054,0.1,0.95,0.01
2500,25,6,5,1,475,3,-1.0,6,6,1,474,move,-2.119271467006395,-2.3994829311825097,-3.279508784623384,-1.1602373176169891,-2.235295198768094,0.1,0.95,0.01
2500,26,6,6,1,474,2,-1.0,6,5,1,473,move,-2.3994829311825097,-1.870280508119812,-2.776766482713821,-0.37728355153131155,-2.437211286335641,0.1,0.95,0.01
2500,27,6,5,1,473,1,-1.0,7,5,1,472,move,-1.870280508119812,-1.7411932377698565,-2.654133575881364,-0.7838530677615518,-1.9486658148959672,0.1,0.95,0.01
2500,28,7,5,1,472,0,-1.0,6,5,1,471,move,-1.7411932377698565,-1.5758822224548479,-2.4970881113321055,-0.755894873562249,-1.8167827251260813,0.1,0.95,0.01
2500,29,6,5,1,471,3,-1.0,5,5,1,470,move,-1.5758822224548479,-1.1698564006315846,-2.1113635806000053,-0.5354813581451574,-1.6294303582693637,0.1,0.95,0.01
2500,30,5,5,1,470,2,-1.0,5,4,1,469,move,-1.1698564006315846,-0.9813630625,-1.932294909375,-0.7624385087434153,-1.246100251505926,0.1,0.95,0.01
2500,31,5,4,1,469,3,-1.0,5,5,1,468,move,-0.9994259736366952,-0.9008719024626397,-1.8558283073395077,-0.8564023337028125,-1.0850662070069763,0.1,0.95,0.01
2500,32,5,5,1,468,1,-1.0,6,5,1,467,move,-0.9008719024626397,-0.9405913420585843,-1.893561774955655,-0.9926898724930153,-1.0001408897119413,0.1,0.95,0.01
2500,33,6,5,1,467,3,-1.0,6,6,1,466,move,-0.9405913420585843,-1.0272687544373575,-1.9759053167154896,-1.0353139746569053,-1.044122739524275,0.1,0.95,0.01
2500,34,6,6,1,466,3,-1.0,6,7,1,465,move,-1.0272687544373575,-0.9735206807096871,-1.9248446466742029,-0.8975758922368453,-1.1170263436610421,0.1,0.95,0.01
2500,35,6,7,1,465,3,-1.0,6,8,1,464,move,-0.9735206807096871,-0.8189000262926222,-1.777955024977991,-0.8044343442683038,-1.0539641151365176,0.1,0.95,0.01
2500,36,6,8,1,464,1,-1.0,6,9,1,463,move,-0.8189000262926222,-0.7484093399421585,-1.7109888729450504,-0.8920888466524283,-0.908108910957865,0.1,0.95,0.01
2500,37,6,9,1,463,2,-1.0,6,8,1,462,move,-0.7484093399421585,-0.7731765487854861,-1.734517721346212,-0.9861083814040534,-0.8470201780825639,0.1,0.95,0.01
2500,38,6,8,1,462,3,-1.0,6,9,1,461,move,-0.7731765487854861,-0.7407833976309375,-1.7037442277493906,-0.9305676789639045,-0.8662333166818765,0.1,0.95,0.01
2500,39,6,9,1,461,3,-1.0,6,10,1,460,move,-0.7407833976309375,-0.5852386875625,-1.555976753184375,-0.8151933555534374,-0.8223027331862812,0.1,0.95,0.01
2500,40,6,10,1,460,3,-1.0,6,11,1,459,move,-0.5852386875625,-0.5,-1.475,-0.8897613124375001,-0.67421481880625,0.1,0.95,0.01
2500,41,6,11,1,459,3,-5.0,6,11,1,458,wall_hit,-0.5,-0.2985882375,-5.283658825625,-4.783658825625,-0.9783658825625001,0.1,0.95,0.01
2500,42,6,11,1,458,1,-1.0,6,10,1,457,move,-0.2985882375,-0.37909750000000003,-1.360142625,-1.0615543875,-0.40474367625,0.1,0.95,0.01
2500,43,6,10,1,457,2,-1.0,6,9,1,456,move,-0.4439240524375,-0.47874122625,-1.4548041649374999,-1.0108801124999998,-0.5450120636875,0.1,0.95,0.01
2500,44,6,9,1,456,0,-1.0,5,9,1,455,move,-0.47874122625,-0.4982566238125,-1.473343792621875,-0.9946025663718752,-0.5782014828871875,0.1,0.95,0.01
2500,45,5,9,1,455,0,-1.0,4,9,1,454,move,-0.4982566238125,-0.5,-1.475,-0.9767433761875001,-0.59593096143125,0.1,0.95,0.01
2500,46,4,9,1,454,0,-5.0,4,9,1,453,wall_hit,-0.5,-0.46708330125,-5.4437291361875,-4.9437291361875,-0.99437291361875,0.1,0.95,0.01
2500,47,4,9,1,453,1,-1.0,4,10,1,452,move,-0.46708330125,-0.4240736206797119,-1.4028699396457263,-0.9357866383957263,-0.5606619650895727,0.1,0.95,0.01
2500,48,4,10,1,452,1,-1.0,4,9,1,451,move,-0.4240736206797119,-0.5579805296978626,-1.5300815032129695,-1.1060078825332575,-0.5346744089330376,0.1,0.95,0.01
2500,49,4,9,1,451,3,-1.0,4,10,1,450,move,-0.5579805296978626,-0.550504945875,-1.52297969858125,-0.9649991688833874,-0.6544804465862013,0.1,0.95,0.01
2500,50,4,10,1,450,0,-1.0,4,9,1,449,move,-0.550504945875,-0.8168463093740626,-1.7760039939053593,-1.2254990480303594,-0.6730548506780359,0.1,0.95,0.01
2500,51,4,9,1,449,1,-1.0,5,9,1,448,move,-0.8168463093740626,-0.4991836756125,-1.474224491831875,-0.6573781824578124,-0.8825841276198438,0.1,0.95,0.01
2500,52,5,9,1,448,1,-1.0,5,10,1,447,move,-0.4991836756125,-0.5273434886875,-1.500976314253125,-1.0017926386406248,-0.5993629394765625,0.1,0.95,0.01
2500,53,5,10,1,447,2,-1.0,5,9,1,446,move,-0.5273434886875,-0.5,-1.475,-0.9476565113125001,-0.62210913981875,0.1,0.95,0.01
2500,54,5,9,1,446,2,-5.0,5,9,1,445,wall_hit,-0.5,-0.396112,-5.3763064,-4.8763064,-0.98763064,0.1,0.95,0.01
2500,55,5,9,1,445,1,-1.0,6,9,1,444,move,-0.396112,-0.38850273750000003,-1.369077600625,-0.972965600625,-0.4934085600625,0.1,0.95,0.01
2500,56,6,9,1,444,0,-1.0,5,9,1,443,move,-0.38850273750000003,-0.38080773749999997,-1.3617673506249999,-0.9732646131249998,-0.48582919881250003,0.1,0.95,0.01
2500,57,5,9,1,443,0,-1.0,4,9,1,442,move,-0.38080773749999997,-0.39692425,-1.3770780375,-0.9962703,-0.48043476749999997,0.1,0.95,0.01
2500,58,4,9,1,442,1,-1.0,5,9,1,441,move,-0.39692425,-0.3961977375,-1.376387850625,-0.979463600625,-0.4948706100625,0.1,0.95,0.01
2500,59,5,9,1,441,1,-1.0,6,9,1,440,move,-0.3961977375,-0.3876904875,-1.368305963125,-0.9721082256250001,-0.4934085600625,0.1,0.95,0.01
2500,60,6,9,1,440,1,-1.0,7,9,1,439,move,-0.3876904875,-0.30782200000000004,-1.2924309,-0.9047404125,-0.47816452875000004,0.1,0.95,0.01
2500,61,7,9,1,439,0,-1.0,6,9,1,438,move,-0.30782200000000004,-0.380722,-1.3616859,-1.0538638999999999,-0.41320839000000004,0.1,0.95,0.01
2500,62,6,9,1,438,3,-1.0,6,10,1,437,move,-0.380722,-0.3215875,-1.305508125,-0.924786125,-0.4732006125,0.1,0.95,0.01
2500,63,6,10,1,437,2,-1.0,6,9,1,436,move,-0.3215875,-0.380722,-1.3616859,-1.0400983999999998,-0.42559734,0.1,0.95,0.01
2500,64,6,9,1,436,0,-1.0,5,9,1,435,move,-0.380722,-0.38588999999999996,-1.3665954999999999,-0.9858734999999998,-0.47930934999999997,0.1,0.95,0.01
2500,65,5,9,1,435,0,-1.0,4,9,1,434,move,-0.38588999999999996,-0.2814025,-1.267332375,-0.8814423750000001,-0.47403423749999996,0.1,0.95,0.01
2500,66,4,9,1,434,1,-1.0,4,10,1,433,move,-0.2814025,-0.29166273750000005,-1.277079600625,-0.995677100625,-0.3809702100625,0.1,0.95,0.01
2500,67,4,10,1,433,0,-1.0,3,10,1,432,move,-0.29166273750000005,-0.3332285625,-1.316567134375,-1.024904396875,-0.39415317718750004,0.1,0.95,0.01
2500,68,3,10,1,432,3,-1.0,2,10,1,431,move,-0.3332285625,-0.48331075,-1.4591452125,-1.12591665,-0.4458202275,0.1,0.95,0.01
2500,69,2,10,1,431,3,-1.0,1,10,1,430,move,-0.48331075,-0.4464177375,-1.424096850625,-0.940786100625,-0.5773893600625,0.1,0.95,0.01
2500,70,1,10,1,430,2,-1.0,2,10,1,429,move,-0.4464177375,-0.28905000000000003,-1.2745975,-0.8281797625,-0.52923571375,0.1,0.95,0.01
2500,71,2,10,1,429,0,-1.0,1,10,1,428,move,-0.28905000000000003,-0.2985025,-1.283577375,-0.9945273749999999,-0.38850273750000003,0.1,0.95,0.01
2500,72,1,10,1,428,1,-1.0,2,10,1,427,move,-0.2985025,-0.2985025,-1.283577375,-0.9850748749999999,-0.3970099875,0.1,0.95,0.01
2500,73,2,10,1,427,3,-1.0,2,11,1,426,move,-0.2985025,-0.2985025,-1.283577375,-0.9850748749999999,-0.3970099875,0.1,0.95,0.01
2500,74,2,11,1,426,2,-1.0,2,10,1,425,move,-0.2985025,-0.2985025,-1.283577375,-0.9850748749999999,-0.3970099875,0.1,0.95,0.01
2500,75,2,10,1,425,3,-1.0,2,11,1,424,move,-0.2985025,-0.29947765125000003,-1.2845037686875,-0.9860012686875,-0.39710262686875003,0.1,0.95,0.01
2500,76,2,11,1,424,1,-1.0,3,11,1,423,move,-0.29947765125000003,-0.3177913,-1.301901735,-1.0024240837499998,-0.399720059625,0.1,0.95,0.01
2500,77,3,11,1,423,2,-1.0,3,10,1,422,move,-0.3177913,-0.4888171875,-1.464376328125,-1.146585028125,-0.4324498028125,0.1,0.95,0.01
2500,78,3,10,1,422,2,-1.0,2,10,1,421,move,-0.4888171875,-0.39380373750000003,-1.374113550625,-0.8852963631249999,-0.5773468238125,0.1,0.95,0.01
2500,79,2,10,1,421,0,-1.0,2,11,1,420,move,-0.39380373750000003,-0.43953498750000003,-1.417558238125,-1.023754500625,-0.4961791875625,0.1,0.95,0.01
2500,80,2,11,1,420,0,-1.0,1,11,1,419,move,-0.43953498750000003,-0.2985025,-1.283577375,-0.8440423874999998,-0.52393922625,0.1,0.95,0.01
2500,81,1,11,1,419,0,-1.0,1,12,1,418,move,-0.2985025,-0.28905000000000003,-1.2745975,-0.976095,-0.396112,0.1,0.95,0.01
2500,82,1,12,1,418,2,-1.0,1,11,1,417,move,-0.28905000000000003,-0.1995,-1.189525,-0.9004749999999999,-0.37909750000000003,0.1,0.95,0.01
2500,83,1,11,1,417,0,-1.0,0,11,1,416,move,-0.1995,-0.1,-1.095,-0.8955,-0.28905000000000003,0.1,0.95,0.01
2500,84,0,11,1,416,2,-1.0,1,11,1,415,move,-0.1,-0.1,-1.095,-0.995,-0.1995,0.1,0.95,0.01
2500,85,1,11,1,415,2,-1.0,1,10,1,414,move,-0.1,0.0,-1.0,-0.9,-0.19,0.1,0.95,0.01
2500,86,1,10,1,414,3,-1.0,1,11,1,413,move,0.0,-0.1,-1.095,-1.095,-0.1095,0.1,0.95,0.01
2500,87,1,11,1,413,1,-1.0,2,11,1,412,move,-0.1,-0.19,-1.1804999999999999,-1.0804999999999998,-0.20804999999999998,0.1,0.95,0.01
2500,88,2,11,1,412,0,-1.0,1,11,1,411,move,-0.19,-0.1095,-1.104025,-0.9140250000000001,-0.2814025,0.1,0.95,0.01
2500,89,1,11,1,411,2,-1.0,1,10,1,410,move,-0.1095,-0.1,-1.095,-0.9854999999999999,-0.20805,0.1,0.95,0.01
2500,90,1,10,1,410,1,-1.0,1,9,1,409,move,-0.1,-0.459328,-1.4363616000000001,-1.3363616,-0.23363616,0.1,0.95,0.01
2500,91,1,9,1,409,3,-1.0,1,10,1,408,move,-0.459328,-0.2985025,-1.283577375,-0.824249375,-0.5417529375,0.1,0.95,0.01
2500,92,1,10,1,408,2,-1.0,1,9,1,407,move,-0.2985025,-0.2985025,-1.283577375,-0.9850748749999999,-0.3970099875,0.1,0.95,0.01
2500,93,1,9,1,407,3,-1.0,1,10,1,406,move,-0.2985025,-0.2985025,-1.283577375,-0.9850748749999999,-0.3970099875,0.1,0.95,0.01
2500,94,1,10,1,406,1,-1.0,2,10,1,405,move,-0.2985025,-0.28905000000000003,-1.2745975,-0.976095,-0.396112,0.1,0.95,0.01
2500,95,2,10,1,405,3,-1.0,2,11,1,404,move,-0.28905000000000003,-0.20804999999999998,-1.1976475,-0.9085975,-0.37990975000000005,0.1,0.95,0.01
2500,96,2,11,1,404,0,-1.0,2,10,1,403,move,-0.20804999999999998,-0.3714025,-1.352832375,-1.144782375,-0.3225282375,0.1,0.95,0.01
2500,97,2,10,1,403,0,-1.0,1,10,1,402,move,-0.3714025,-0.2899525,-1.2754548749999999,-0.9040523749999998,-0.46180773750000004,0.1,0.95,0.01
2500,98,1,10,1,402,1,-1.0,1,11,1,401,move,-0.2899525,-0.21660000000000001,-1.20577,-0.9158175,-0.38153425,0.1,0.95,0.01
2500,99,1,11,1,401,3,-1.0,2,11,1,400,move,-0.21660000000000001,-0.3628525,-1.344709875,-1.1281098749999998,-0.3294109875,0.1,0.95,0.01
2500,100,2,11,1,400,0,-1.0,1,11,1,399,move,-0.3628525,-0.1995,-1.189525,-0.8266724999999999,-0.44551975,0.1,0.95,0.01
2500,101,1,11,1,399,1,-1.0,1,10,1,398,move,-0.1995,-0.2814025,-1.267332375,-1.067832375,-0.3062832375,0.1,0.95,0.01
2500,102,1,10,1,398,2,-1.0,1,9,1,397,move,-0.2814025,-0.20805,-1.1976475,-0.916245,-0.373027,0.1,0.95,0.01
2500,103,1,9,1,397,3,-1.0,1,10,1,396,move,-0.20805,-0.357841991375,-1.33994989180625,-1.13189989180625,-0.321239989180625,0.1,0.95,0.01
2500,104,1,10,1,396,1,-1.0,1,9,1,395,move,-0.357841991375,-0.541585975,-1.51450667625,-1.156664684875,-0.4735084598625,0.1,0.95,0.01
2500,105,1,9,1,395,3,-1.0,1,10,1,394,move,-0.541585975,-0.38850273750000003,-1.369077600625,-0.827491625625,-0.6243351375625,0.1,0.95,0.01
2500,106,1,10,1,394,1,-1.0,2,10,1,393,move,-0.38850273750000003,-0.2985025,-1.283577375,-0.8950746374999998,-0.47801020125000004,0.1,0.95,0.01
2500,107,2,10,1,393,3,-1.0,2,11,1,392,move,-0.2985025,-0.2976,-1.2827199999999999,-0.9842174999999999,-0.39692425,0.1,0.95,0.01
2500,108,2,11,1,392,2,-1.0,2,10,1,391,move,-0.2976,-0.28230048750000003,-1.268185463125,-0.970585463125,-0.39465854631249997,0.1,0.95,0.01
2500,109,2,10,1,391,3,-1.0,3,10,1,390,move,-0.28230048750000003,-0.2354149875,-1.223644238125,-0.9413437506249999,-0.3764348625625,0.1,0.95,0.01
2500,110,3,10,1,390,3,-1.0,2,10,1,389,move,-0.2354149875,-0.38760475,-1.3682245124999999,-1.1328095249999999,-0.34869594,0.1,0.95,0.01
2500,111,2,10,1,389,3,-1.0,2,11,1,388,move,-0.38760475,-0.3070954875,-1.291740713125,-0.9041359631250001,-0.4780183463125,0.1,0.95,0.01
2500,112,2,11,1,388,2,-1.0,2,10,1,387,move,-0.3070954875,-0.388417,-1.36899615,-1.0619006625,-0.41328555375,0.1,0.95,0.01
2500,113,2,10,1,387,1,-1.0,3,10,1,386,move,-0.388417,-0.3109942875,-1.295444573125,-0.9070275731249999,-0.4791197573125,0.1,0.95,0.01
2500,114,3,10,1,386,0,-1.0,2,10,1,385,move,-0.3109942875,-0.5,-1.475,-1.1640057125,-0.42739485875000005,0.1,0.95,0.01
2500,115,2,10,1,385,0,-5.0,2,10,1,384,wall_hit,-0.5,-0.4626199875,-5.439488988125,-4.939488988125,-0.9939488988125,0.1,0.95,0.01
2500,116,2,10,1,384,3,-1.0,2,11,1,383,move,-0.4626199875,-0.3138925,-1.298197875,-0.8355778875000001,-0.54617777625,0.1,0.95,0.01
2500,117,2,11,1,383,2,-1.0,2,10,1,382,move,-0.3138925,-0.3970099875,-1.377159488125,-1.063266988125,-0.4202191988125,0.1,0.95,0.01
2500,118,2,10,1,382,0,-1.0,1,10,1,381,move,-0.3970099875,-0.3970099875,-1.377159488125,-0.9801495006250001,-0.4950249375625,0.1,0.95,0.01
2500,119,1,10,1,381,3,-1.0,1,11,1,380,move,-0.3970099875,-0.38922924999999997,-1.3697677874999998,-0.9727577999999999,-0.4942857675,0.1,0.95,0.01
2500,120,1,11,1,380,0,-1.0,0,11,1,379,move,-0.38922924999999997,-0.2985025,-1.283577375,-0.8943481249999999,-0.4786640625,0.1,0.95,0.01
2500,121,0,11,1,379,3,-1.0,0,12,1,378,move,-0.2985025,-0.2985025,-1.283577375,-0.9850748749999999,-0.3970099875,0.1,0.95,0.01
2500,122,0,12,1,378,1,-1.0,1,12,1,377,move,-0.2985025,-0.2985025,-1.283577375,-0.9850748749999999,-0.3970099875,0.1,0.95,0.01
2500,123,1,12,1,377,2,-1.0,1,11,1,376,move,-0.2985025,-0.2985025,-1.283577375,-0.9850748749999999,-0.3970099875,0.1,0.95,0.01
2500,124,1,11,1,376,3,-1.0,1,12,1,375,move,-0.2985025,-0.2985025,-1.283577375,-0.9850748749999999,-0.3970099875,0.1,0.95,0.01
2500,125,1,12,1,375,2,-1.0,1,11,1,374,move,-0.2985025,-0.2985025,-1.283577375,-0.9850748749999999,-0.3970099875,0.1,0.95,0.01
2500,126,1,11,1,374,3,-1.0,1,12,1,373,move,-0.2985025,-0.2985025,-1.283577375,-0.9850748749999999,-0.3970099875,0.1,0.95,0.01
2500,127,1,12,1,373,0,-1.0,0,12,1,372,move,-0.2985025,-0.2985025,-1.283577375,-0.9850748749999999,-0.3970099875,0.1,0.95,0.01
2500,128,0,12,1,372,1,-1.0,1,12,1,371,move,-0.2985025,-0.2985025,-1.283577375,-0.9850748749999999,-0.3970099875,0.1,0.95,0.01
2500,129,1,12,1,371,3,-1.0,1,13,1,370,move,-0.2985025,-0.2985025,-1.283577375,-0.9850748749999999,-0.3970099875,0.1,0.95,0.01
2500,130,1,13,1,370,2,-1.0,1,12,1,369,move,-0.2985025,-0.2985025,-1.283577375,-0.9850748749999999,-0.3970099875,0.1,0.95,0.01
2500,131,1,12,1,369,3,-1.0,1,13,1,368,move,-0.2985025,-0.2985025,-1.283577375,-0.9850748749999999,-0.3970099875,0.1,0.95,0.01
2500,132,1,13,1,368,2,-1.0,1,12,1,367,move,-0.2985025,-0.2985025,-1.283577375,-0.9850748749999999,-0.3970099875,0.1,0.95,0.01
2500,133,1,12,1,367,2,-1.0,1,11,1,366,move,-0.2985025,-0.2985025,-1.283577375,-0.9850748749999999,-0.3970099875,0.1,0.95,0.01
2500,134,1,11,1,366,2,-1.0,1,10,1,365,move,-0.2985025,-0.2899525,-1.2754548749999999,-0.9769523749999999,-0.3961977375,0.1,0.95,0.01
2500,135,1,10,1,365,1,-1.0,2,10,1,364,move,-0.2899525,-0.2805,-1.266475,-0.9765225,-0.38760475,0.1,0.95,0.01
2500,136,2,10,1,364,2,-1.0,3,10,1,363,move,-0.2805,-0.1095,-1.104025,-0.8235250000000001,-0.3628525,0.1,0.95,0.01
2500,137,3,10,1,363,3,-1.0,3,11,1,362,move,-0.1095,-0.2976,-1.2827199999999999,-1.17322,-0.226822,0.1,0.95,0.01
2500,138,3,11,1,362,2,-1.0,3,10,1,361,move,-0.2976,-0.1995,-1.189525,-0.891925,-0.3867925,0.1,0.95,0.01
2500,139,3,10,1,361,0,-1.0,3,11,1,360,move,-0.28905000000000003,-0.2805,-1.266475,-0.977425,-0.38679250000000004,0.1,0.95,0.01
2500,140,3,11,1,360,2,-1.0,3,10,1,359,move,-0.2805,-0.1095,-1.104025,-0.8235250000000001,-0.3628525,0.1,0.95,0.01
2500,141,3,10,1,359,3,-1.0,3,11,1,358,move,-0.1095,-0.1995,-1.189525,-1.080025,-0.2175025,0.1,0.95,0.01
2500,142,3,11,1,358,2,-1.0,3,10,1,357,move,-0.1995,-0.1995,-1.189525,-0.9900249999999999,-0.2985025,0.1,0.95,0.01
2500,143,3,10,1,357,1,-1.0,4,10,1,356,move,-0.1995,-0.1995,-1.189525,-0.9900249999999999,-0.2985025,0.1,0.95,0.01
2500,144,4,10,1,356,2,-1.0,4,9,1,355,move,-0.1995,-0.1995,-1.189525,-0.9900249999999999,-0.2985025,0.1,0.95,0.01
2500,145,4,9,1,355,1,-1.0,5,9,1,354,move,-0.1995,-0.1995,-1.189525,-0.9900249999999999,-0.2985025,0.1,0.95,0.01
2500,146,5,9,1,354,3,-1.0,5,10,1,353,move,-0.1995,-0.1995,-1.189525,-0.9900249999999999,-0.2985025,0.1,0.95,0.01
2500,147,5,10,1,353,0,-1.0,4,10,1,352,move,-0.1995,-0.1995,-1.189525,-0.9900249999999999,-0.2985025,0.1,0.95,0.01
2500,148,4,10,1,352,3,-1.0,4,11,1,351,move,-0.1995,-0.1995,-1.189525,-0.9900249999999999,-0.2985025,0.1,0.95,0.01
2500,149,4,11,1,351,2,-1.0,4,10,1,350,move,-0.1995,-0.1995,-1.189525,-0.9900249999999999,-0.2985025,0.1,0.95,0.01
2500,150,4,10,1,350,0,-1.0,3,10,1,349,move,-0.1995,-0.1995,-1.189525,-0.9900249999999999,-0.2985025,0.1,0.95,0.01
2500,151,3,10,1,349,0,-1.0,3,11,1,348,move,-0.1995,-0.1995,-1.189525,-0.9900249999999999,-0.2985025,0.1,0.95,0.01
2500,152,3,11,1,348,2,-1.0,3,10,1,347,move,-0.1995,-0.1995,-1.189525,-0.9900249999999999,-0.2985025,0.1,0.95,0.01
2500,153,3,10,1,347,0,-1.0,2,10,1,346,move,-0.1995,-0.1,-1.095,-0.8955,-0.28905000000000003,0.1,0.95,0.01
2500,154,2,10,1,346,3,-1.0,2,11,1,345,move,-0.1,-0.1995,-1.189525,-1.0895249999999999,-0.20895249999999999,0.1,0.95,0.01
2500,155,2,11,1,345,0,-1.0,1,11,1,344,move,-0.1995,-0.1,-1.095,-0.8955,-0.28905000000000003,0.1,0.95,0.01
2500,156,1,11,1,344,2,-1.0,1,10,1,343,move,-0.1,-0.1,-1.095,-0.995,-0.1995,0.1,0.95,0.01
2500,157,1,10,1,343,2,-1.0,1,9,1,342,move,-0.1,-0.1,-1.095,-0.995,-0.1995,0.1,0.95,0.01
2500,158,1,9,1,342,3,-1.0,1,10,1,341,move,-0.1,-0.1,-1.095,-0.995,-0.1995,0.1,0.95,0.01
2500,159,1,10,1,341,2,-1.0,2,10,1,340,move,-0.1,0.0,-1.0,-0.9,-0.19,0.1,0.95,0.01
2500,160,2,10,1,340,2,-5.0,2,10,1,339,wall_hit,0.0,-0.1,-5.095,-5.095,-0.5095,0.1,0.95,0.01
2500,161,2,10,1,339,2,-1.0,3,10,1,338,move,-0.1,0.0,-1.0,-0.9,-0.19,0.1,0.95,0.01
2500,162,3,10,1,338,2,-5.0,3,10,1,337,wall_hit,0.0,-0.1,-5.095,-5.095,-0.5095,0.1,0.95,0.01
2500,163,3,10,1,337,2,-1.0,2,10,1,336,move,-0.1,-0.1,-1.095,-0.995,-0.1995,0.1,0.95,0.01
2500,164,2,10,1,336,3,-1.0,2,11,1,335,move,-0.1,-0.1,-1.095,-0.995,-0.1995,0.1,0.95,0.01
2500,165,2,11,1,335,1,-1.0,3,11,1,334,move,-0.1,-0.1095,-1.104025,-1.004025,-0.2004025,0.1,0.95,0.01
2500,166,3,11,1,334,1,-1.0,3,10,1,333,move,-0.1095,-0.1995,-1.189525,-1.080025,-0.2175025,0.1,0.95,0.01
2500,167,3,10,1,333,3,-1.0,3,11,1,332,move,-0.1995,-0.19,-1.1804999999999999,-0.9809999999999999,-0.2976,0.1,0.95,0.01
2500,168,3,11,1,332,2,-1.0,2,11,1,331,move,-0.19,-0.1,-1.095,-0.905,-0.2805,0.1,0.95,0.01
2500,169,2,11,1,331,0,-1.0,1,11,1,330,move,-0.1,-0.20804999999999998,-1.1976475,-1.0976474999999999,-0.20976475,0.1,0.95,0.01
2500,170,1,11,1,330,2,-1.0,1,10,1,329,move,-0.20804999999999998,-0.28905000000000003,-1.2745975,-1.0665475,-0.31470475,0.1,0.95,0.01
2500,171,1,10,1,329,3,-1.0,1,11,1,328,move,-0.28905000000000003,-0.1995,-1.189525,-0.9004749999999999,-0.37909750000000003,0.1,0.95,0.01
2500,172,1,11,1,328,3,-1.0,1,12,1,327,move,-0.1995,-0.1995,-1.189525,-0.9900249999999999,-0.2985025,0.1,0.95,0.01
2500,173,1,12,1,327,2,-1.0,1,11,1,326,move,-0.1995,-0.20804999999999998,-1.1976475,-0.9981475,-0.29931475,0.1,0.95,0.01
2500,174,1,11,1,326,2,-1.0,1,10,1,325,move,-0.20804999999999998,-0.2805,-1.266475,-1.058425,-0.3138925,0.1,0.95,0.01
2500,175,1,10,1,325,1,-1.0,2,10,1,324,move,-0.2805,-0.2976,-1.2827199999999999,-1.0022199999999999,-0.380722,0.1,0.95,0.01
2500,176,2,10,1,324,0,-1.0,1,10,1,323,move,-0.2976,-0.2805,-1.266475,-0.968875,-0.3944875,0.1,0.95,0.01
2500,177,1,10,1,323,1,-1.0,2,10,1,322,move,-0.2805,-0.2805,-1.266475,-0.985975,-0.37909750000000003,0.1,0.95,0.01
2500,178,2,10,1,322,1,-1.0,3,10,1,321,move,-0.2805,-0.28905000000000003,-1.2745975,-0.9940975000000001,-0.37990975000000005,0.1,0.95,0.01
2500,179,3,10,1,321,1,-1.0,4,10,1,320,move,-0.28905000000000003,-0.2985025,-1.283577375,-0.9945273749999999,-0.38850273750000003,0.1,0.95,0.01
2500,180,4,10,1,320,1,-1.0,5,10,1,319,move,-0.2985025,-0.1995,-1.189525,-0.8910224999999999,-0.38760475,0.1,0.95,0.01
2500,181,5,10,1,319,3,-1.0,5,11,1,318,move,-0.1995,-0.1995,-1.189525,-0.9900249999999999,-0.2985025,0.1,0.95,0.01
2500,182,5,11,1,318,3,-1.0,5,12,1,317,move,-0.1995,-0.1995,-1.189525,-0.9900249999999999,-0.2985025,0.1,0.95,0.01
2500,183,5,12,1,317,2,-1.0,5,11,1,316,move,-0.1995,-0.1995,-1.189525,-0.9900249999999999,-0.2985025,0.1,0.95,0.01
2500,184,5,11,1,316,3,-1.0,5,12,1,315,move,-0.1995,-0.1995,-1.189525,-0.9900249999999999,-0.2985025,0.1,0.95,0.01
2500,185,5,12,1,315,3,-1.0,5,13,1,314,move,-0.1995,-0.1995,-1.189525,-0.9900249999999999,-0.2985025,0.1,0.95,0.01
2500,186,5,13,1,314,3,-1.0,5,14,1,313,move,-0.1995,-0.1995,-1.189525,-0.9900249999999999,-0.2985025,0.1,0.95,0.01
2500,187,5,14,1,313,1,-1.0,5,15,1,312,move,-0.1995,-0.1995,-1.189525,-0.9900249999999999,-0.2985025,0.1,0.95,0.01
2500,188,5,15,1,312,2,-1.0,5,14,1,311,move,-0.1995,-0.1095,-1.104025,-0.904525,-0.2899525,0.1,0.95,0.01
2500,189,5,14,1,311,2,-1.0,5,13,1,310,move,-0.1095,-0.1995,-1.189525,-1.080025,-0.2175025,0.1,0.95,0.01
2500,190,5,13,1,310,2,-1.0,5,12,1,309,move,-0.1995,-0.1995,-1.189525,-0.9900249999999999,-0.2985025,0.1,0.95,0.01
2500,191,5,12,1,309,3,-1.0,5,13,1,308,move,-0.1995,-0.1995,-1.189525,-0.9900249999999999,-0.2985025,0.1,0.95,0.01
2500,192,5,13,1,308,2,-1.0,5,12,1,307,move,-0.1995,-0.1995,-1.189525,-0.9900249999999999,-0.2985025,0.1,0.95,0.01
2500,193,5,12,1,307,3,-1.0,5,13,1,306,move,-0.1995,-0.1995,-1.189525,-0.9900249999999999,-0.2985025,0.1,0.95,0.01
2500,194,5,13,1,306,2,-1.0,5,12,1,305,move,-0.1995,-0.2004025,-1.190382375,-0.990882375,-0.2985882375,0.1,0.95,0.01
2500,195,5,12,1,305,2,-1.0,5,11,1,304,move,-0.2004025,-0.2251975,-1.213937625,-1.013535125,-0.3017560125,0.1,0.95,0.01
2500,196,5,11,1,304,3,-1.0,6,11,1,303,move,-0.2251975,-0.37909750000000003,-1.360142625,-1.134945125,-0.33869201250000003,0.1,0.95,0.01
2500,197,6,11,1,303,2,-1.0,6,10,1,302,move,-0.37909750000000003,-0.2899525,-1.2754548749999999,-0.8963573749999998,-0.4687332375,0.1,0.95,0.01
2500,198,6,10,1,302,0,-1.0,5,10,1,301,move,-0.2899525,-0.20895249999999999,-1.198504875,-0.908552375,-0.3808077375,0.1,0.95,0.01
2500,199,5,10,1,301,3,-1.0,5,11,1,300,move,-0.20895249999999999,-0.28905000000000003,-1.2745975,-1.065645,-0.315517,0.1,0.95,0.01
2500,200,5,11,1,300,0,-1.0,4,11,1,299,move,-0.28905000000000003,-0.1995,-1.189525,-0.9004749999999999,-0.37909750000000003,0.1,0.95,0.01
2500,201,4,11,1,299,2,-1.0,4,10,1,298,move,-0.1995,-0.1995,-1.189525,-0.9900249999999999,-0.2985025,0.1,0.95,0.01
2500,202,4,10,1,298,1,-1.0,5,10,1,297,move,-0.1995,-0.20805,-1.1976475,-0.9981475,-0.29931475,0.1,0.95,0.01
2500,203,5,10,1,297,2,-1.0,5,9,1,296,move,-0.20805,-0.1995,-1.189525,-0.9814749999999999,-0.3061975,0.1,0.95,0.01
2500,204,5,9,1,296,1,-1.0,5,10,1,295,move,-0.1995,-0.1995,-1.189525,-0.9900249999999999,-0.2985025,0.1,0.95,0.01
2500,205,5,10,1,295,1,-1.0,5,9,1,294,move,-0.1995,-0.2805,-1.266475,-1.066975,-0.3061975,0.1,0.95,0.01
2500,206,5,9,1,294,0,-1.0,5,10,1,293,move,-0.2805,-0.1995,-1.189525,-0.909025,-0.3714025,0.1,0.95,0.01
2500,207,5,10,1,293,2,-1.0,5,9,1,292,move,-0.1995,-0.1095,-1.104025,-0.904525,-0.2899525,0.1,0.95,0.01
2500,208,5,9,1,292,3,-1.0,6,9,1,291,move,-0.1095,-0.20804999999999998,-1.1976475,-1.0881475,-0.21831475,0.1,0.95,0.01
2500,209,6,9,1,291,2,-1.0,5,9,1,290,move,-0.20804999999999998,-0.2805,-1.266475,-1.058425,-0.3138925,0.1,0.95,0.01
2500,210,5,9,1,290,0,-1.0,4,9,1,289,move,-0.2805,-0.1,-1.095,-0.8145,-0.36195000000000005,0.1,0.95,0.01
2500,211,4,9,1,289,2,-1.0,5,9,1,288,move,-0.1,0.0,-1.0,-0.9,-0.19,0.1,0.95,0.01
2500,212,5,9,1,288,2,-5.0,5,9,1,287,wall_hit,0.0,-0.1,-5.095,-5.095,-0.5095,0.1,0.95,0.01
2500,213,5,9,1,287,3,-1.0,5,10,1,286,move,-0.1,-0.1995,-1.189525,-1.0895249999999999,-0.20895249999999999,0.1,0.95,0.01
2500,214,5,10,1,286,1,-1.0,6,10,1,285,move,-0.1995,-0.1995,-1.189525,-0.9900249999999999,-0.2985025,0.1,0.95,0.01
2500,215,6,10,1,285,1,-1.0,7,10,1,284,move,-0.1995,-0.1995,-1.189525,-0.9900249999999999,-0.2985025,0.1,0.95,0.01
2500,216,7,10,1,284,1,-1.0,8,10,1,283,move,-0.1995,-0.1995,-1.189525,-0.9900249999999999,-0.2985025,0.1,0.95,0.01
2500,217,8,10,1,283,1,-5.0,8,10,1,282,wall_hit,-0.5,-0.2985025,-5.283577375,-4.783577375,-0.9783577375000001,0.1,0.95,0.01
2500,218,8,10,1,282,0,-1.0,7,10,1,281,move,-0.2985025,-0.1995,-1.189525,-0.8910224999999999,-0.38760475,0.1,0.95,0.01
2500,219,7,10,1,281,2,-1.0,7,9,1,280,move,-0.1995,-0.1995,-1.189525,-0.9900249999999999,-0.2985025,0.1,0.95,0.01
2500,220,7,9,1,280,0,-1.0,7,10,1,279,move,-0.1995,-0.1995,-1.189525,-0.9900249999999999,-0.2985025,0.1,0.95,0.01
2500,221,7,10,1,279,0,-1.0,6,10,1,278,move,-0.1995,-0.1995,-1.189525,-0.9900249999999999,-0.2985025,0.1,0.95,0.01
2500,222,6,10,1,278,2,-1.0,7,10,1,277,move,-0.1995,-0.1995,-1.189525,-0.9900249999999999,-0.2985025,0.1,0.95,0.01
2500,223,7,10,1,277,0,-1.0,6,10,1,276,move,-0.1995,-0.1995,-1.189525,-0.9900249999999999,-0.2985025,0.1,0.95,0.01
2500,224,6,10,1,276,1,-1.0,7,10,1,275,move,-0.1995,-0.1995,-1.189525,-0.9900249999999999,-0.2985025,0.1,0.95,0.01
2500,225,7,10,1,275,0,-1.0,7,11,1,274,move,-0.1995,-0.1995,-1.189525,-0.9900249999999999,-0.2985025,0.1,0.95,0.01
2500,226,7,11,1,274,2,-1.0,7,10,1,273,move,-0.1995,-0.19,-1.1804999999999999,-0.9809999999999999,-0.2976,0.1,0.95,0.01
2500,227,7,10,1,273,0,-1.0,6,10,1,272,move,-0.19,-0.19,-1.1804999999999999,-0.9904999999999999,-0.28905000000000003,0.1,0.95,0.01
2500,228,6,10,1,272,1,-1.0,7,10,1,271,move,-0.19,-0.19,-1.1804999999999999,-0.9904999999999999,-0.28905000000000003,0.1,0.95,0.01
2500,229,7,10,1,271,0,-1.0,6,10,1,270,move,-0.19,-0.1995,-1.189525,-0.999525,-0.2899525,0.1,0.95,0.01
2500,230,6,10,1,270,0,-1.0,5,10,1,269,move,-0.1995,-0.1095,-1.104025,-0.904525,-0.2899525,0.1,0.95,0.01
2500,231,5,10,1,269,2,-1.0,5,9,1,268,move,-0.1095,-0.19,-1.1804999999999999,-1.071,-0.21660000000000001,0.1,0.95,0.01
2500,232,5,9,1,268,0,-1.0,4,9,1,267,move,-0.19,-0.1,-1.095,-0.905,-0.2805,0.1,0.95,0.01
2500,233,4,9,1,267,2,-1.0,4,8,1,266,move,-0.1,-0.1095,-1.104025,-1.004025,-0.2004025,0.1,0.95,0.01
2500,234,4,8,1,266,2,-1.0,4,7,1,265,move,-0.1095,-0.1995,-1.189525,-1.080025,-0.2175025,0.1,0.95,0.01
2500,235,4,7,1,265,1,-1.0,5,7,1,264,move,-0.1995,-0.1995,-1.189525,-0.9900249999999999,-0.2985025,0.1,0.95,0.01
2500,236,5,7,1,264,1,-1.0,6,7,1,263,move,-0.1995,-0.2805,-1.266475,-1.066975,-0.3061975,0.1,0.95,0.01
2500,237,6,7,1,263,1,-1.0,7,7,1,262,move,-0.2805,-0.2805,-1.266475,-0.985975,-0.37909750000000003,0.1,0.95,0.01
2500,238,7,7,1,262,0,-1.0,6,7,1,261,move,-0.2805,-0.1995,-1.189525,-0.909025,-0.3714025,0.1,0.95,0.01
2500,239,6,7,1,261,2,-1.0,6,6,1,260,move,-0.1995,-0.20805,-1.1976475,-0.9981475,-0.29931475,0.1,0.95,0.01
2500,240,6,6,1,260,3,-1.0,6,7,1,259,move,-0.20805,-0.1995,-1.189525,-0.9814749999999999,-0.3061975,0.1,0.95,0.01
2500,241,6,7,1,259,2,-1.0,6,6,1,258,move,-0.1995,-0.2175025,-1.206627375,-1.007127375,-0.3002127375,0.1,0.95,0.01
2500,242,6,6,1,258,3,-1.0,6,7,1,257,move,-0.2175025,-0.1995,-1.189525,-0.9720225,-0.31470475,0.1,0.95,0.01
2500,243,6,7,1,257,3,-1.0,6,8,1,256,move,-0.1995,-0.1995,-1.189525,-0.9900249999999999,-0.2985025,0.1,0.95,0.01
2500,244,6,8,1,256,3,-1.0,6,9,1,255,move,-0.1995,-0.1995,-1.189525,-0.9900249999999999,-0.2985025,0.1,0.95,0.01
2500,245,6,9,1,255,0,-1.0,5,9,1,254,move,-0.1995,-0.1995,-1.189525,-0.9900249999999999,-0.2985025,0.1,0.95,0.01
2500,246,5,9,1,254,0,-1.0,4,9,1,253,move,-0.1995,-0.21660000000000001,-1.20577,-1.00627,-0.30012700000000003,0.1,0.95,0.01
2500,247,4,9,1,253,2,-1.0,4,8,1,252,move,-0.21660000000000001,-0.1995,-1.189525,-0.9729249999999999,-0.3138925,0.1,0.95,0.01
2500,248,4,8,1,252,3,-1.0,4,9,1,251,move,-0.1995,-0.1995,-1.189525,-0.9900249999999999,-0.2985025,0.1,0.95,0.01
2500,249,4,9,1,251,2,-1.0,4,8,1,250,move,-0.1995,-0.1995,-1.189525,-0.9900249999999999,-0.2985025,0.1,0.95,0.01
2500,250,4,8,1,250,2,-1.0,4,7,1,249,move,-0.1995,-0.1995,-1.189525,-0.9900249999999999,-0.2985025,0.1,0.95,0.01
2500,251,4,7,1,249,3,-1.0,4,8,1,248,move,-0.1995,-0.1995,-1.189525,-0.9900249999999999,-0.2985025,0.1,0.95,0.01
2500,252,4,8,1,248,2,-1.0,4,7,1,247,move,-0.1995,-0.1995,-1.189525,-0.9900249999999999,-0.2985025,0.1,0.95,0.01
2500,253,4,7,1,247,0,-1.0,4,8,1,246,move,-0.1995,-0.1995,-1.189525,-0.9900249999999999,-0.2985025,0.1,0.95,0.01
2500,254,4,8,1,246,3,-1.0,4,9,1,245,move,-0.1995,-0.1,-1.095,-0.8955,-0.28905000000000003,0.1,0.95,0.01
2500,255,4,9,1,245,3,-1.0,4,10,1,244,move,-0.1,-0.1995,-1.189525,-1.0895249999999999,-0.20895249999999999,0.1,0.95,0.01
2500,256,4,10,1,244,1,-1.0,4,11,1,243,move,-0.1995,-0.1995,-1.189525,-0.9900249999999999,-0.2985025,0.1,0.95,0.01
2500,257,4,11,1,243,3,-1.0,5,11,1,242,move,-0.1995,-0.19,-1.1804999999999999,-0.9809999999999999,-0.2976,0.1,0.95,0.01
2500,258,5,11,1,242,0,-1.0,4,11,1,241,move,-0.2805,-0.19,-1.1804999999999999,-0.8999999999999999,-0.37050000000000005,0.1,0.95,0.01
2500,259,4,11,1,241,2,-1.0,4,10,1,240,move,-0.19,0.0,-1.0,-0.81,-0.271,0.1,0.95,0.01
2500,260,4,10,1,240,1,-1.0,5,10,1,239,move,-0.1,-0.1,-1.095,-0.995,-0.1995,0.1,0.95,0.01
2500,261,5,10,1,239,2,-1.0,5,9,1,238,move,-0.1,-0.1,-1.095,-0.995,-0.1995,0.1,0.95,0.01
2500,262,5,9,1,238,1,-1.0,6,9,1,237,move,-0.1,-0.1,-1.095,-0.995,-0.1995,0.1,0.95,0.01
2500,263,6,9,1,237,3,-1.0,6,10,1,236,move,-0.1,-0.1,-1.095,-0.995,-0.1995,0.1,0.95,0.01
2500,264,6,10,1,236,3,-1.0,7,10,1,235,move,-0.1,-0.1,-1.095,-0.995,-0.1995,0.1,0.95,0.01
2500,265,7,10,1,235,3,-1.0,8,10,1,234,move,-0.1,-0.1095,-1.104025,-1.004025,-0.2004025,0.1,0.95,0.01
2500,266,8,10,1,234,3,-1.0,7,10,1,233,move,-0.1095,-0.19,-1.1804999999999999,-1.071,-0.21660000000000001,0.1,0.95,0.01
2500,267,7,10,1,233,0,-1.0,6,10,1,232,move,-0.19,-0.1,-1.095,-0.905,-0.2805,0.1,0.95,0.01
2500,268,6,10,1,232,1,-1.0,7,10,1,231,move,-0.1,-0.1,-1.095,-0.995,-0.1995,0.1,0.95,0.01
2500,269,7,10,1,231,3,-1.0,6,10,1,230,move,-0.1,-0.1,-1.095,-0.995,-0.1995,0.1,0.95,0.01
2500,270,6,10,1,230,3,-1.0,6,11,1,229,move,-0.1,-0.1,-1.095,-0.995,-0.1995,0.1,0.95,0.01
2500,271,6,11,1,229,2,-1.0,6,10,1,228,move,-0.1,-0.1995,-1.189525,-1.0895249999999999,-0.20895249999999999,0.1,0.95,0.01
2500,272,6,10,1,228,0,-1.0,5,10,1,227,move,-0.1995,-0.1,-1.095,-0.8955,-0.28905000000000003,0.1,0.95,0.01
2500,273,5,10,1,227,3,-1.0,5,11,1,226,move,-0.1,-0.19,-1.1804999999999999,-1.0804999999999998,-0.20804999999999998,0.1,0.95,0.01
2500,274,5,11,1,226,0,-1.0,4,11,1,225,move,-0.19,-0.1,-1.095,-0.905,-0.2805,0.1,0.95,0.01
2500,275,4,11,1,225,2,-1.0,3,11,1,224,move,-0.1,-0.1,-1.095,-0.995,-0.1995,0.1,0.95,0.01
2500,276,3,11,1,224,1,-1.0,4,11,1,223,move,-0.1,-0.1095,-1.104025,-1.004025,-0.2004025,0.1,0.95,0.01
2500,277,4,11,1,223,2,-1.0,5,11,1,222,move,-0.1095,-0.1,-1.095,-0.9854999999999999,-0.20805,0.1,0.95,0.01
2500,278,5,11,1,222,3,-1.0,4,11,1,221,move,-0.1,-0.1,-1.095,-0.995,-0.1995,0.1,0.95,0.01
2500,279,4,11,1,221,3,-1.0,3,11,1,220,move,-0.1,-0.1995,-1.189525,-1.0895249999999999,-0.20895249999999999,0.1,0.95,0.01
2500,280,3,11,1,220,0,-1.0,2,11,1,219,move,-0.1995,-0.1995,-1.189525,-0.9900249999999999,-0.2985025,0.1,0.95,0.01
2500,281,2,11,1,219,1,-1.0,3,11,1,218,move,-0.1995,-0.19,-1.1804999999999999,-0.9809999999999999,-0.2976,0.1,0.95,0.01
2500,282,3,11,1,218,1,-1.0,4,11,1,217,move,-0.19,-0.1,-1.095,-0.905,-0.2805,0.1,0.95,0.01
2500,283,4,11,1,217,3,-1.0,5,11,1,216,move,-0.1,-0.1995,-1.189525,-1.0895249999999999,-0.20895249999999999,0.1,0.95,0.01
2500,284,5,11,1,216,0,-1.0,4,11,1,215,move,-0.1995,-0.1995,-1.189525,-0.9900249999999999,-0.2985025,0.1,0.95,0.01
2500,285,4,11,1,215,1,-1.0,5,11,1,214,move,-0.1995,-0.1995,-1.189525,-0.9900249999999999,-0.2985025,0.1,0.95,0.01
2500,286,5,11,1,214,1,-1.0,6,11,1,213,move,-0.1995,-0.1995,-1.189525,-0.9900249999999999,-0.2985025,0.1,0.95,0.01
2500,287,6,11,1,213,1,-1.0,7,11,1,212,move,-0.1995,-0.1995,-1.189525,-0.9900249999999999,-0.2985025,0.1,0.95,0.01
2500,288,7,11,1,212,2,-1.0,7,10,1,211,move,-0.1995,-0.1995,-1.189525,-0.9900249999999999,-0.2985025,0.1,0.95,0.01
2500,289,7,10,1,211,2,-1.0,7,9,1,210,move,-0.1995,-0.1995,-1.189525,-0.9900249999999999,-0.2985025,0.1,0.95,0.01
2500,290,7,9,1,210,0,-1.0,6,9,1,209,move,-0.1995,-0.1995,-1.189525,-0.9900249999999999,-0.2985025,0.1,0.95,0.01
2500,291,6,9,1,209,0,-1.0,5,9,1,208,move,-0.1995,-0.1995,-1.189525,-0.9900249999999999,-0.2985025,0.1,0.95,0.01
2500,292,5,9,1,208,0,-1.0,4,9,1,207,move,-0.1995,-0.1,-1.095,-0.8955,-0.28905000000000003,0.1,0.95,0.01
2500,293,4,9,1,207,3,-1.0,4,10,1,206,move,-0.1,-0.19,-1.1804999999999999,-1.0804999999999998,-0.20804999999999998,0.1,0.95,0.01
2500,294,4,10,1,206,0,-1.0,4,11,1,205,move,-0.19,-0.19,-1.1804999999999999,-0.9904999999999999,-0.28905000000000003,0.1,0.95,0.01
2500,295,4,11,1,205,0,-1.0,3,11,1,204,move,-0.19,-0.1,-1.095,-0.905,-0.2805,0.1,0.95,0.01
2500,296,3,11,1,204,3,-1.0,3,12,1,203,move,-0.1,-0.1995,-1.189525,-1.0895249999999999,-0.20895249999999999,0.1,0.95,0.01
2500,297,3,12,1,203,1,-1.0,3,11,1,202,move,-0.1995,-0.1995,-1.189525,-0.9900249999999999,-0.2985025,0.1,0.95,0.01
2500,298,3,11,1,202,1,-1.0,4,11,1,201,move,-0.1995,-0.1095,-1.104025,-0.904525,-0.2899525,0.1,0.95,0.01
2500,299,4,11,1,201,3,-1.0,4,12,1,200,move,-0.1095,-0.1995,-1.189525,-1.080025,-0.2175025,0.1,0.95,0.01
2500,300,4,12,1,200,0,-1.0,3,12,1,199,move,-0.1995,-0.1995,-1.189525,-0.9900249999999999,-0.2985025,0.1,0.95,0.01
2500,301,3,12,1,199,1,-1.0,4,12,1,198,move,-0.1995,-0.1995,-1.189525,-0.9900249999999999,-0.2985025,0.1,0.95,0.01
2500,302,4,12,1,198,0,-1.0,3,12,1,197,move,-0.2985025,-0.2004025,-1.190382375,-0.891879875,-0.3876904875,0.1,0.95,0.01
2500,303,3,12,1,197,1,-1.0,4,12,1,196,move,-0.2004025,-0.21660000000000001,-1.20577,-1.0053675,-0.30093925,0.1,0.95,0.01
2500,304,4,12,1,196,3,-1.0,5,12,1,195,move,-0.21660000000000001,-0.36195000000000005,-1.3438525000000001,-1.1272525,-0.32932525,0.1,0.95,0.01
2500,305,5,12,1,195,0,-1.0,4,12,1,194,move,-0.36195000000000005,-0.1995,-1.189525,-0.827575,-0.44470750000000003,0.1,0.95,0.01
2500,306,4,12,1,194,1,-1.0,4,11,1,193,move,-0.1995,-0.20805,-1.1976475,-0.9981475,-0.29931475,0.1,0.95,0.01
2500,307,4,11,1,193,2,-1.0,4,10,1,192,move,-0.20805,-0.1995,-1.189525,-0.9814749999999999,-0.3061975,0.1,0.95,0.01
2500,308,4,10,1,192,2,-1.0,4,9,1,191,move,-0.1995,-0.19,-1.1804999999999999,-0.9809999999999999,-0.2976,0.1,0.95,0.01
2500,309,4,9,1,191,3,-1.0,5,9,1,190,move,-0.19,-0.1,-1.095,-0.905,-0.2805,0.1,0.95,0.01
2500,310,5,9,1,190,1,-1.0,6,9,1,189,move,-0.1,-0.1995,-1.189525,-1.0895249999999999,-0.20895249999999999,0.1,0.95,0.01
2500,311,6,9,1,189,0,-1.0,5,9,1,188,move,-0.1995,-0.19,-1.1804999999999999,-0.9809999999999999,-0.2976,0.1,0.95,0.01
2500,312,5,9,1,188,0,-1.0,4,9,1,187,move,-0.19,-0.19,-1.1804999999999999,-0.9904999999999999,-0.28905000000000003,0.1,0.95,0.01
2500,313,4,9,1,187,1,-1.0,4,8,1,186,move,-0.19,-0.1266475,-1.120315125,-0.9303151250000001,-0.2830315125,0.1,0.95,0.01
2500,314,4,8,1,186,3,-1.0,4,9,1,185,move,-0.1266475,-0.2805,-1.266475,-1.1398275,-0.24063025,0.1,0.95,0.01
2500,315,4,9,1,185,1,-1.0,4,8,1,184,move,-0.2805,-0.19,-1.1804999999999999,-0.8999999999999999,-0.37050000000000005,0.1,0.95,0.01
2500,316,4,8,1,184,1,-1.0,4,9,1,183,move,-0.19,-0.1,-1.095,-0.905,-0.2805,0.1,0.95,0.01
2500,317,4,9,1,183,2,-1.0,4,8,1,182,move,-0.1,-0.1095,-1.104025,-1.004025,-0.2004025,0.1,0.95,0.01
2500,318,4,8,1,182,3,-1.0,4,9,1,181,move,-0.1095,-0.19,-1.1804999999999999,-1.071,-0.21660000000000001,0.1,0.95,0.01
2500,319,4,9,1,181,1,-1.0,4,8,1,180,move,-0.19,-0.11804999999999999,-1.1121475,-0.9221475000000001,-0.28221475,0.1,0.95,0.01
2500,320,4,8,1,180,3,-1.0,4,9,1,179,move,-0.11804999999999999,-0.1995,-1.189525,-1.071475,-0.2251975,0.1,0.95,0.01
2500,321,4,9,1,179,2,-1.0,4,8,1,178,move,-0.1995,-0.305295,-1.29003025,-1.09053025,-0.30855302500000004,0.1,0.95,0.01
2500,322,4,8,1,178,3,-1.0,4,9,1,177,move,-0.305295,-0.2814025,-1.267332375,-0.9620373750000001,-0.4014987375,0.1,0.95,0.01
2500,323,4,9,1,177,1,-1.0,4,8,1,176,move,-0.2814025,-0.21831475,-1.2073990125,-0.9259965125,-0.37400215125,0.1,0.95,0.01
2500,324,4,8,1,176,3,-1.0,4,9,1,175,move,-0.21831475,-0.3087199875,-1.293283988125,-1.074969238125,-0.3258116738125,0.1,0.95,0.01
2500,325,4,9,1,175,3,-1.0,4,10,1,174,move,-0.3087199875,-0.2985025,-1.283577375,-0.9748573875,-0.40620572625,0.1,0.95,0.01
2500,326,4,10,1,174,0,-1.0,3,10,1,173,move,-0.2985025,-0.2985025,-1.283577375,-0.9850748749999999,-0.3970099875,0.1,0.95,0.01
2500,327,3,10,1,173,1,-1.0,4,10,1,172,move,-0.2985025,-0.2985025,-1.283577375,-0.9850748749999999,-0.3970099875,0.1,0.95,0.01
2500,328,4,10,1,172,1,-1.0,5,10,1,171,move,-0.2985025,-0.1995,-1.189525,-0.8910224999999999,-0.38760475,0.1,0.95,0.01
2500,329,5,10,1,171,3,-1.0,5,11,1,170,move,-0.1995,-0.1995,-1.189525,-0.9900249999999999,-0.2985025,0.1,0.95,0.01
2500,330,5,11,1,170,3,-1.0,5,12,1,169,move,-0.1995,-0.1995,-1.189525,-0.9900249999999999,-0.2985025,0.1,0.95,0.01
2500,331,5,12,1,169,3,-1.0,5,13,1,168,move,-0.1995,-0.1995,-1.189525,-0.9900249999999999,-0.2985025,0.1,0.95,0.01
2500,332,5,13,1,168,0,-1.0,5,14,1,167,move,-0.1995,-0.28905000000000003,-1.2745975,-1.0750975,-0.30700975,0.1,0.95,0.01
2500,333,5,14,1,167,3,-1.0,5,15,1,166,move,-0.28905000000000003,-0.1995,-1.189525,-0.9004749999999999,-0.37909750000000003,0.1,0.95,0.01
2500,334,5,15,1,166,0,-1.0,4,15,1,165,move,-0.1995,-0.1995,-1.189525,-0.9900249999999999,-0.2985025,0.1,0.95,0.01
2500,335,4,15,1,165,2,-1.0,4,14,1,164,move,-0.1995,-0.20895249999999999,-1.198504875,-0.999004875,-0.29940048750000003,0.1,0.95,0.01
2500,336,4,14,1,164,0,-1.0,3,14,1,163,move,-0.20895249999999999,-0.39692425,-1.3770780375,-1.1681255375,-0.32576505375,0.1,0.95,0.01
2500,337,3,14,1,163,2,-1.0,2,14,1,162,move,-0.39692425,-0.39538548749999997,-1.3756162131249998,-0.9786919631249998,-0.4947934463125,0.1,0.95,0.01
2500,338,2,14,1,162,1,-1.0,3,14,1,161,move,-0.39538548749999997,-0.37909750000000003,-1.360142625,-0.9647571374999999,-0.49186120125,0.1,0.95,0.01
2500,339,3,14,1,161,3,-1.0,3,15,1,160,move,-0.37909750000000003,-0.2985025,-1.283577375,-0.9044798749999998,-0.4695454875,0.1,0.95,0.01
2500,340,3,15,1,160,2,-1.0,3,14,1,159,move,-0.2985025,-0.2985025,-1.283577375,-0.9850748749999999,-0.3970099875,0.1,0.95,0.01
2500,341,3,14,1,159,1,-1.0,4,14,1,158,move,-0.38760475,-0.2985025,-1.283577375,-0.895972625,-0.4772020125,0.1,0.95,0.01
2500,342,4,14,1,158,1,-1.0,5,14,1,157,move,-0.2985025,-0.1995,-1.189525,-0.8910224999999999,-0.38760475,0.1,0.95,0.01
2500,343,5,14,1,157,2,-1.0,5,13,1,156,move,-0.1995,-0.1995,-1.189525,-0.9900249999999999,-0.2985025,0.1,0.95,0.01
2500,344,5,13,1,156,2,-1.0,5,12,1,155,move,-0.1995,-0.2004025,-1.190382375,-0.990882375,-0.2985882375,0.1,0.95,0.01
2500,345,5,12,1,155,2,-1.0,5,11,1,154,move,-0.2004025,-0.2175025,-1.206627375,-1.006224875,-0.3010249875,0.1,0.95,0.01
2500,346,5,11,1,154,3,-1.0,6,11,1,153,move,-0.2175025,-0.28905000000000003,-1.2745975,-1.0570950000000001,-0.323212,0.1,0.95,0.01
2500,347,6,11,1,153,2,-1.0,6,10,1,152,move,-0.28905000000000003,-0.20895249999999999,-1.198504875,-0.909454875,-0.3799954875,0.1,0.95,0.01
2500,348,6,10,1,152,3,-1.0,6,11,1,151,move,-0.20895249999999999,-0.28905000000000003,-1.2745975,-1.065645,-0.315517,0.1,0.95,0.01
2500,349,6,11,1,151,0,-1.0,5,11,1,150,move,-0.28905000000000003,-0.1995,-1.189525,-0.9004749999999999,-0.37909750000000003,0.1,0.95,0.01
2500,350,5,11,1,150,3,-1.0,5,12,1,149,move,-0.1995,-0.20804999999999998,-1.1976475,-0.9981475,-0.29931475,0.1,0.95,0.01
2500,351,5,12,1,149,3,-1.0,5,13,1,148,move,-0.20804999999999998,-0.2805,-1.266475,-1.058425,-0.3138925,0.1,0.95,0.01
2500,352,5,13,1,148,1,-1.0,5,12,1,147,move,-0.2805,-0.1995,-1.189525,-0.909025,-0.3714025,0.1,0.95,0.01
2500,353,5,12,1,147,0,-1.0,4,12,1,146,move,-0.1995,-0.1995,-1.189525,-0.9900249999999999,-0.2985025,0.1,0.95,0.01
2500,354,4,12,1,146,1,-1.0,5,12,1,145,move,-0.1995,-0.1995,-1.189525,-0.9900249999999999,-0.2985025,0.1,0.95,0.01
2500,355,5,12,1,145,3,-1.0,5,13,1,144,move,-0.1995,-0.1995,-1.189525,-0.9900249999999999,-0.2985025,0.1,0.95,0.01
2500,356,5,13,1,144,0,-1.0,5,14,1,143,move,-0.1995,-0.2805,-1.266475,-1.066975,-0.3061975,0.1,0.95,0.01
2500,357,5,14,1,143,0,-1.0,4,14,1,142,move,-0.2805,-0.1995,-1.189525,-0.909025,-0.3714025,0.1,0.95,0.01
2500,358,4,14,1,142,3,-1.0,4,15,1,141,move,-0.1995,-0.1995,-1.189525,-0.9900249999999999,-0.2985025,0.1,0.95,0.01
2500,359,4,15,1,141,3,-1.0,4,16,1,140,move,-0.1995,-0.1995,-1.189525,-0.9900249999999999,-0.2985025,0.1,0.95,0.01
2500,360,4,16,1,140,1,-1.0,4,15,1,139,move,-0.1995,-0.1995,-1.189525,-0.9900249999999999,-0.2985025,0.1,0.95,0.01
2500,361,4,15,1,139,2,-1.0,4,14,1,138,move,-0.1995,-0.2899525,-1.2754548749999999,-1.0759548749999999,-0.3070954875,0.1,0.95,0.01
2500,362,4,14,1,138,1,-1.0,5,14,1,137,move,-0.2899525,-0.1995,-1.189525,-0.8995724999999999,-0.37990975,0.1,0.95,0.01
2500,363,5,14,1,137,3,-1.0,5,15,1,136,move,-0.1995,-0.1995,-1.189525,-0.9900249999999999,-0.2985025,0.1,0.95,0.01
2500,364,5,15,1,136,2,-1.0,4,15,1,135,move,-0.1995,-0.1995,-1.189525,-0.9900249999999999,-0.2985025,0.1,0.95,0.01
2500,365,4,15,1,135,0,-1.0,3,15,1,134,move,-0.1995,-0.31470475,-1.2989695125,-1.0994695125,-0.30944695125,0.1,0.95,0.01
2500,366,3,15,1,134,1,-1.0,3,14,1,133,move,-0.31470475,-0.37909750000000003,-1.360142625,-1.045437875,-0.41924853749999996,0.1,0.95,0.01
2500,367,3,14,1,133,0,-1.0,2,14,1,132,move,-0.37909750000000003,-0.2985025,-1.283577375,-0.9044798749999998,-0.4695454875,0.1,0.95,0.01
2500,368,2,14,1,132,1,-1.0,3,14,1,131,move,-0.2985025,-0.1995,-1.189525,-0.8910224999999999,-0.38760475,0.1,0.95,0.01
2500,369,3,14,1,131,3,-1.0,3,15,1,130,move,-0.1995,-0.1,-1.095,-0.8955,-0.28905000000000003,0.1,0.95,0.01
2500,370,3,15,1,130,3,-1.0,4,15,1,129,move,-0.1,-0.1095,-1.104025,-1.004025,-0.2004025,0.1,0.95,0.01
2500,371,4,15,1,129,2,-1.0,4,14,1,128,move,-0.1095,-0.1995,-1.189525,-1.080025,-0.2175025,0.1,0.95,0.01
2500,372,4,14,1,128,3,-1.0,3,14,1,127,move,-0.1995,-0.3970099875,-1.377159488125,-1.177659488125,-0.31726594881250003,0.1,0.95,0.01
2500,373,3,14,1,127,2,-1.0,2,14,1,126,move,-0.3970099875,-0.388417,-1.36899615,-0.9719861625000001,-0.49420860375000003,0.1,0.95,0.01
2500,374,2,14,1,126,1,-1.0,3,14,1,125,move,-0.388417,-0.28905000000000003,-1.2745975,-0.8861805,-0.47703505,0.1,0.95,0.01
2500,375,3,14,1,125,1,-1.0,4,14,1,124,move,-0.28905000000000003,-0.1995,-1.189525,-0.9004749999999999,-0.37909750000000003,0.1,0.95,0.01
2500,376,4,14,1,124,1,-1.0,5,14,1,123,move,-0.1995,-0.1,-1.095,-0.8955,-0.28905000000000003,0.1,0.95,0.01
2500,377,5,14,1,123,3,-1.0,5,15,1,122,move,-0.1,-0.1,-1.095,-0.995,-0.1995,0.1,0.95,0.01
2500,378,5,15,1,122,2,-1.0,5,14,1,121,move,-0.1,-0.1,-1.095,-0.995,-0.1995,0.1,0.95,0.01
2500,379,5,14,1,121,3,-1.0,5,15,1,120,move,-0.1,-0.1,-1.095,-0.995,-0.1995,0.1,0.95,0.01
2500,380,5,15,1,120,2,-1.0,4,15,1,119,move,-0.1,-0.1,-1.095,-0.995,-0.1995,0.1,0.95,0.01
2500,381,4,15,1,119,3,-1.0,4,16,1,118,move,-0.1,-0.1,-1.095,-0.995,-0.1995,0.1,0.95,0.01
2500,382,4,16,1,118,2,-1.0,5,16,1,117,move,-0.1,-0.1,-1.095,-0.995,-0.1995,0.1,0.95,0.01
2500,383,5,16,1,117,1,-1.0,6,16,1,116,move,-0.1,0.0,-1.0,-0.9,-0.19,0.1,0.95,0.01
2500,384,6,16,1,116,3,-1.0,6,17,1,115,move,0.0,0.0,-1.0,-1.0,-0.1,0.1,0.95,0.01
2500,385,6,17,1,115,2,-1.0,7,17,1,114,move,0.0,-0.1,-1.095,-1.095,-0.1095,0.1,0.95,0.01
2500,386,7,17,1,114,0,-1.0,6,17,1,113,move,-0.1,-0.1,-1.095,-0.995,-0.1995,0.1,0.95,0.01
2500,387,6,17,1,113,1,-1.0,7,17,1,112,move,-0.1,0.0,-1.0,-0.9,-0.19,0.1,0.95,0.01
2500,388,7,17,1,112,3,-5.0,7,17,1,111,wall_hit,0.0,-0.1,-5.095,-5.095,-0.5095,0.1,0.95,0.01
2500,389,7,17,1,111,0,-1.0,6,17,1,110,move,-0.1,-0.1,-1.095,-0.995,-0.1995,0.1,0.95,0.01
2500,390,6,17,1,110,1,-1.0,7,17,1,109,move,-0.1,-0.1,-1.095,-0.995,-0.1995,0.1,0.95,0.01
2500,391,7,17,1,109,0,-1.0,6,17,1,108,move,-0.1,-0.1995,-1.189525,-1.0895249999999999,-0.20895249999999999,0.1,0.95,0.01
2500,392,6,17,1,108,2,-1.0,7,17,1,107,move,-0.1995,-0.1995,-1.189525,-0.9900249999999999,-0.2985025,0.1,0.95,0.01
2500,393,7,17,1,107,0,-1.0,6,17,1,106,move,-0.1995,-0.1995,-1.189525,-0.9900249999999999,-0.2985025,0.1,0.95,0.01
2500,394,6,17,1,106,0,-1.0,5,17,1,105,move,-0.1995,-0.1995,-1.189525,-0.9900249999999999,-0.2985025,0.1,0.95,0.01
2500,395,5,17,1,105,2,-1.0,5,16,1,104,move,-0.1995,-0.1995,-1.189525,-0.9900249999999999,-0.2985025,0.1,0.95,0.01
2500,396,5,16,1,104,2,-1.0,5,15,1,103,move,-0.1995,-0.2004025,-1.190382375,-0.990882375,-0.2985882375,0.1,0.95,0.01
2500,397,5,15,1,103,2,-1.0,5,14,1,102,move,-0.2004025,-0.20895249999999999,-1.198504875,-0.998102375,-0.3002127375,0.1,0.95,0.01
2500,398,5,14,1,102,0,-1.0,5,13,1,101,move,-0.20895249999999999,-0.1995,-1.189525,-0.9805725,-0.30700974999999997,0.1,0.95,0.01
2500,399,5,13,1,101,3,-1.0,6,13,1,100,move,-0.1995,-0.1995,-1.189525,-0.9900249999999999,-0.2985025,0.1,0.95,0.01
2500,400,6,13,1,100,0,-1.0,5,13,1,99,move,-0.1995,-0.28905000000000003,-1.2745975,-1.0750975,-0.30700975,0.1,0.95,0.01
2500,401,5,13,1,99,1,-1.0,6,13,1,98,move,-0.28905000000000003,-0.1995,-1.189525,-0.9004749999999999,-0.37909750000000003,0.1,0.95,0.01
2500,402,6,13,1,98,0,-1.0,5,13,1,97,move,-0.1995,-0.1995,-1.189525,-0.9900249999999999,-0.2985025,0.1,0.95,0.01
2500,403,5,13,1,97,3,-1.0,5,14,1,96,move,-0.1995,-0.1995,-1.189525,-0.9900249999999999,-0.2985025,0.1,0.95,0.01
2500,404,5,14,1,96,3,-1.0,5,15,1,95,move,-0.1995,-0.1995,-1.189525,-0.9900249999999999,-0.2985025,0.1,0.95,0.01
2500,405,5,15,1,95,3,-1.0,4,15,1,94,move,-0.1995,-0.1995,-1.189525,-0.9900249999999999,-0.2985025,0.1,0.95,0.01
2500,406,4,15,1,94,3,-1.0,5,15,1,93,move,-0.1995,-0.1995,-1.189525,-0.9900249999999999,-0.2985025,0.1,0.95,0.01
2500,407,5,15,1,93,1,-1.0,6,15,1,92,move,-0.1995,-0.1995,-1.189525,-0.9900249999999999,-0.2985025,0.1,0.95,0.01
2500,408,6,15,1,92,3,-1.0,6,16,1,91,move,-0.1995,-0.1995,-1.189525,-0.9900249999999999,-0.2985025,0.1,0.95,0.01
2500,409,6,16,1,91,1,-1.0,7,16,1,90,move,-0.1995,-0.1,-1.095,-0.8955,-0.28905000000000003,0.1,0.95,0.01
2500,410,7,16,1,90,3,-1.0,7,17,1,89,move,-0.1,-0.19,-1.1804999999999999,-1.0804999999999998,-0.20804999999999998,0.1,0.95,0.01
2500,411,7,17,1,89,1,-1.0,8,17,1,88,move,-0.19,-0.1095,-1.104025,-0.9140250000000001,-0.2814025,0.1,0.95,0.01
2500,412,8,17,1,88,3,-1.0,9,17,1,87,move,-0.1095,-0.19,-1.1804999999999999,-1.071,-0.21660000000000001,0.1,0.95,0.01
2500,413,9,17,1,87,1,-1.0,10,17,1,86,move,-0.19,0.0,-1.0,-0.81,-0.271,0.1,0.95,0.01
2500,414,10,17,1,86,3,-5.0,10,17,1,85,wall_hit,0.0,-0.5,-5.475,-5.475,-0.5475,0.1,0.95,0.01
2500,415,10,17,1,85,0,-5.0,10,17,1,84,wall_hit,-0.5,-0.5,-5.475,-4.975,-0.9975,0.1,0.95,0.01
2500,416,10,17,1,84,2,-5.0,10,17,1,83,wall_hit,-0.5,-0.5,-5.475,-4.975,-0.9975,0.1,0.95,0.01
2500,417,10,17,1,83,1,-5.0,10,17,1,82,wall_hit,-0.5,-0.49116865125,-5.4666102186875,-4.9666102186875,-0.99666102186875,0.1,0.95,0.01
2500,418,10,17,1,82,0,-1.0,9,17,1,81,move,-0.49116865125,-0.38922924999999997,-1.3697677874999998,-0.8785991362499999,-0.579028564875,0.1,0.95,0.01
2500,419,9,17,1,81,1,-1.0,10,17,1,80,move,-0.38922924999999997,-0.3867925,-1.367452875,-0.9782236249999999,-0.48705161249999995,0.1,0.95,0.01
2500,420,10,17,1,80,0,-1.0,9,17,1,79,move,-0.3867925,-0.2985025,-1.283577375,-0.8967848749999999,-0.4764709875,0.1,0.95,0.01
2500,421,9,17,1,79,0,-1.0,8,17,1,78,move,-0.2985025,-0.2985025,-1.283577375,-0.9850748749999999,-0.3970099875,0.1,0.95,0.01
2500,422,8,17,1,78,0,-1.0,7,17,1,77,move,-0.2985025,-0.28905000000000003,-1.2745975,-0.976095,-0.396112,0.1,0.95,0.01
2500,423,7,17,1,77,0,-1.0,6,17,1,76,move,-0.28905000000000003,-0.28905000000000003,-1.2745975,-0.9855475,-0.38760475000000005,0.1,0.95,0.01
2500,424,6,17,1,76,0,-1.0,5,17,1,75,move,-0.28905000000000003,-0.1995,-1.189525,-0.9004749999999999,-0.37909750000000003,0.1,0.95,0.01
2500,425,5,17,1,75,2,-1.0,5,16,1,74,move,-0.1995,-0.1995,-1.189525,-0.9900249999999999,-0.2985025,0.1,0.95,0.01
2500,426,5,16,1,74,2,-1.0,5,15,1,73,move,-0.1995,-0.1995,-1.189525,-0.9900249999999999,-0.2985025,0.1,0.95,0.01
2500,427,5,15,1,73,3,-1.0,5,16,1,72,move,-0.1995,-0.19,-1.1804999999999999,-0.9809999999999999,-0.2976,0.1,0.95,0.01
2500,428,5,16,1,72,2,-1.0,4,16,1,71,move,-0.19,-0.1,-1.095,-0.905,-0.2805,0.1,0.95,0.01
2500,429,4,16,1,71,0,-1.0,3,16,1,70,move,-0.1,-0.19,-1.1804999999999999,-1.0804999999999998,-0.20804999999999998,0.1,0.95,0.01
2500,430,3,16,1,70,3,-1.0,3,17,1,69,move,-0.19,-0.1,-1.095,-0.905,-0.2805,0.1,0.95,0.01
2500,431,3,17,1,69,0,-1.0,2,17,1,68,move,-0.1,-0.19,-1.1804999999999999,-1.0804999999999998,-0.20804999999999998,0.1,0.95,0.01
2500,432,2,17,1,68,1,-1.0,3,17,1,67,move,-0.19,-0.20804999999999998,-1.1976475,-1.0076475,-0.29076475,0.1,0.95,0.01
2500,433,3,17,1,67,0,-1.0,2,17,1,66,move,-0.20804999999999998,-0.1995,-1.189525,-0.981475,-0.3061975,0.1,0.95,0.01
2500,434,2,17,1,66,0,-1.0,1,17,1,65,move,-0.1995,-0.2106627375,-1.200129600625,-1.000629600625,-0.2995629600625,0.1,0.95,0.01
2500,435,1,17,1,65,2,-1.0,1,16,1,64,move,-0.2106627375,-0.2328925,-1.221247875,-1.0105851375,-0.31172125125,0.1,0.95,0.01
2500,436,1,16,1,64,3,-1.0,0,16,1,63,move,-0.2328925,-0.37050000000000005,-1.351975,-1.1190825,-0.34480075,0.1,0.95,0.01
2500,437,0,16,1,63,3,-1.0,0,17,1,62,move,-0.37050000000000005,-0.2814025,-1.267332375,-0.896832375,-0.46018323750000006,0.1,0.95,0.01
2500,438,0,17,1,62,1,-1.0,1,17,1,61,move,-0.2814025,-0.20805,-1.1976475,-0.916245,-0.373027,0.1,0.95,0.01
2500,439,1,17,1,61,2,-1.0,1,16,1,60,move,-0.20805,-0.1995,-1.189525,-0.9814749999999999,-0.3061975,0.1,0.95,0.01
2500,440,1,16,1,60,3,-1.0,1,17,1,59,move,-0.1995,-0.3070954875,-1.291740713125,-1.092240713125,-0.3087240713125,0.1,0.95,0.01
2500,441,1,17,1,59,3,-1.0,2,17,1,58,move,-0.3070954875,-0.378195,-1.3592852500000001,-1.0521897625,-0.41231446375,0.1,0.95,0.01
2500,442,2,17,1,58,1,-1.0,3,17,1,57,move,-0.378195,-0.19,-1.1804999999999999,-0.8023049999999998,-0.4584255,0.1,0.95,0.01
2500,443,3,17,1,57,3,-1.0,2,17,1,56,move,-0.19,-0.1,-1.095,-0.905,-0.2805,0.1,0.95,0.01
2500,444,2,17,1,56,1,-1.0,3,17,1,55,move,-0.1,0.0,-1.0,-0.9,-0.19,0.1,0.95,0.01
2500,445,3,17,1,55,3,-5.0,3,17,1,54,wall_hit,0.0,-0.1,-5.095,-5.095,-0.5095,0.1,0.95,0.01
2500,446,3,17,1,54,2,-1.0,3,16,1,53,move,-0.1,-0.1995,-1.189525,-1.0895249999999999,-0.20895249999999999,0.1,0.95,0.01
2500,447,3,16,1,53,0,-1.0,2,16,1,52,move,-0.1995,-0.1995,-1.189525,-0.9900249999999999,-0.2985025,0.1,0.95,0.01
2500,448,2,16,1,52,0,-1.0,1,16,1,51,move,-0.1995,-0.1995,-1.189525,-0.9900249999999999,-0.2985025,0.1,0.95,0.01
2500,449,1,16,1,51,3,-1.0,1,17,1,50,move,-0.1995,-0.19,-1.1804999999999999,-0.9809999999999999,-0.2976,0.1,0.95,0.01
2500,450,1,17,1,50,0,-1.0,1,16,1,49,move,-0.19,-0.2805,-1.266475,-1.076475,-0.2976475,0.1,0.95,0.01
2500,451,1,16,1,49,1,-1.0,2,16,1,48,move,-0.2805,-0.1,-1.095,-0.8145,-0.36195000000000005,0.1,0.95,0.01
2500,452,2,16,1,48,2,-1.0,3,16,1,47,move,-0.1,-0.1995,-1.189525,-1.0895249999999999,-0.20895249999999999,0.1,0.95,0.01
2500,453,3,16,1,47,1,-1.0,4,16,1,46,move,-0.1995,-0.1,-1.095,-0.8955,-0.28905000000000003,0.1,0.95,0.01
2500,454,4,16,1,46,3,-1.0,3,16,1,45,move,-0.1,-0.1,-1.095,-0.995,-0.1995,0.1,0.95,0.01
2500,455,3,16,1,45,3,-1.0,3,17,1,44,move,-0.1,0.0,-1.0,-0.9,-0.19,0.1,0.95,0.01
2500,456,3,17,1,44,2,-1.0,3,16,1,43,move,0.0,-0.1,-1.095,-1.095,-0.1095,0.1,0.95,0.01
2500,457,3,16,1,43,3,-1.0,3,17,1,42,move,-0.1,-0.1,-1.095,-0.995,-0.1995,0.1,0.95,0.01
2500,458,3,17,1,42,1,-1.0,3,16,1,41,move,-0.1,-0.1,-1.095,-0.995,-0.1995,0.1,0.95,0.01
2500,459,3,16,1,41,2,-1.0,3,15,1,40,move,-0.1,-0.19,-1.1804999999999999,-1.0804999999999998,-0.20804999999999998,0.1,0.95,0.01
2500,460,3,15,1,40,1,-1.0,4,15,1,39,move,-0.19,-0.1,-1.095,-0.905,-0.2805,0.1,0.95,0.01
2500,461,4,15,1,39,3,-1.0,4,16,1,38,move,-0.1,-0.1,-1.095,-0.995,-0.1995,0.1,0.95,0.01
2500,462,4,16,1,38,0,-1.0,3,16,1,37,move,-0.1,-0.1,-1.095,-0.995,-0.1995,0.1,0.95,0.01
2500,463,3,16,1,37,1,-1.0,3,15,1,36,move,-0.1,-0.1995,-1.189525,-1.0895249999999999,-0.20895249999999999,0.1,0.95,0.01
2500,464,3,15,1,36,2,-1.0,3,14,1,35,move,-0.1995,-0.28905000000000003,-1.2745975,-1.0750975,-0.30700975,0.1,0.95,0.01
2500,465,3,14,1,35,1,-1.0,4,14,1,34,move,-0.28905000000000003,-0.1995,-1.189525,-0.9004749999999999,-0.37909750000000003,0.1,0.95,0.01
2500,466,4,14,1,34,3,-1.0,4,15,1,33,move,-0.1995,-0.1,-1.095,-0.8955,-0.28905000000000003,0.1,0.95,0.01
2500,467,4,15,1,33,3,-1.0,4,16,1,32,move,-0.1,-0.1,-1.095,-0.995,-0.1995,0.1,0.95,0.01
2500,468,4,16,1,32,1,-1.0,5,16,1,31,move,-0.1,0.0,-1.0,-0.9,-0.19,0.1,0.95,0.01
2500,469,5,16,1,31,3,-1.0,5,17,1,30,move,0.0,0.0,-1.0,-1.0,-0.1,0.1,0.95,0.01
2500,470,5,17,1,30,2,-1.0,5,16,1,29,move,0.0,-0.1,-1.095,-1.095,-0.1095,0.1,0.95,0.01
2500,471,5,16,1,29,1,-1.0,6,16,1,28,move,-0.1,0.0,-1.0,-0.9,-0.19,0.1,0.95,0.01
2500,472,6,16,1,28,3,-1.0,6,17,1,27,move,0.0,0.0,-1.0,-1.0,-0.1,0.1,0.95,0.01
2500,473,6,17,1,27,2,-1.0,6,16,1,26,move,0.0,-0.1,-1.095,-1.095,-0.1095,0.1,0.95,0.01
2500,474,6,16,1,26,0,-1.0,5,16,1,25,move,-0.1,-0.1,-1.095,-0.995,-0.1995,0.1,0.95,0.01
2500,475,5,16,1,25,2,-1.0,5,15,1,24,move,-0.1,-0.1,-1.095,-0.995,-0.1995,0.1,0.95,0.01
2500,476,5,15,1,24,3,-1.0,5,16,1,23,move,-0.1,-0.1,-1.095,-0.995,-0.1995,0.1,0.95,0.01
2500,477,5,16,1,23,2,-1.0,5,15,1,22,move,-0.1,-0.1,-1.095,-0.995,-0.1995,0.1,0.95,0.01
2500,478,5,15,1,22,3,-1.0,5,16,1,21,move,-0.1,-0.1,-1.095,-0.995,-0.1995,0.1,0.95,0.01
2500,479,5,16,1,21,2,-1.0,6,16,1,20,move,-0.1,-0.1,-1.095,-0.995,-0.1995,0.1,0.95,0.01
2500,480,6,16,1,20,1,-1.0,7,16,1,19,move,-0.1,0.0,-1.0,-0.9,-0.19,0.1,0.95,0.01
2500,481,7,16,1,19,3,-1.0,8,16,1,18,move,0.0,0.0,-1.0,-1.0,-0.1,0.1,0.95,0.01
2500,482,8,16,1,18,1,-1.0,9,16,1,17,move,0.0,0.0,-1.0,-1.0,-0.1,0.1,0.95,0.01
2500,483,9,16,1,17,2,-5.0,9,16,1,16,wall_hit,0.0,-0.1,-5.095,-5.095,-0.5095,0.1,0.95,0.01
2500,484,9,16,1,16,0,-1.0,8,16,1,15,move,-0.1,-0.1995,-1.189525,-1.0895249999999999,-0.20895249999999999,0.1,0.95,0.01
2500,485,8,16,1,15,0,-1.0,7,16,1,14,move,-0.1995,-0.1095,-1.104025,-0.904525,-0.2899525,0.1,0.95,0.01
2500,486,7,16,1,14,3,-1.0,6,16,1,13,move,-0.1095,-0.1995,-1.189525,-1.080025,-0.2175025,0.1,0.95,0.01
2500,487,6,16,1,13,0,-1.0,5,16,1,12,move,-0.1995,-0.1995,-1.189525,-0.9900249999999999,-0.2985025,0.1,0.95,0.01
2500,488,5,16,1,12,0,-1.0,4,16,1,11,move,-0.1995,-0.20805,-1.1976475,-0.9981475,-0.29931475,0.1,0.95,0.01
2500,489,4,16,1,11,2,-1.0,4,15,1,10,move,-0.20805,-0.20895249999999999,-1.198504875,-0.990454875,-0.30709548750000004,0.1,0.95,0.01
2500,490,4,15,1,10,2,-1.0,4,14,1,9,move,-0.20895249999999999,-0.2976,-1.2827199999999999,-1.0737674999999998,-0.31632924999999995,0.1,0.95,0.01
2500,491,4,14,1,9,3,-1.0,3,14,1,8,move,-0.2976,-0.2805,-1.266475,-0.968875,-0.3944875,0.1,0.95,0.01
2500,492,3,14,1,8,2,-1.0,4,14,1,7,move,-0.2805,-0.1095,-1.104025,-0.8235250000000001,-0.3628525,0.1,0.95,0.01
2500,493,4,14,1,7,2,-1.0,5,14,1,6,move,-0.1095,-0.1,-1.095,-0.9854999999999999,-0.20805,0.1,0.95,0.01
2500,494,5,14,1,6,3,-1.0,5,15,1,5,move,-0.1,-0.1995,-1.189525,-1.0895249999999999,-0.20895249999999999,0.1,0.95,0.01
2500,495,5,15,1,5,0,-1.0,4,15,1,4,move,-0.1995,-0.1995,-1.189525,-0.9900249999999999,-0.2985025,0.1,0.95,0.01
2500,496,4,15,1,4,0,-1.0,3,15,1,3,move,-0.1995,-0.1995,-1.189525,-0.9900249999999999,-0.2985025,0.1,0.95,0.01
2500,497,3,15,1,3,2,-1.0,3,14,1,2,move,-0.1995,-0.1995,-1.189525,-0.9900249999999999,-0.2985025,0.1,0.95,0.01
2500,498,3,14,1,2,1,-1.0,4,14,1,1,move,-0.1995,-0.19,-1.1804999999999999,-0.9809999999999999,-0.2976,0.1,0.95,0.01
2500,499,4,14,1,1,0,-1.0,3,14,1,0,move,-0.19,0.0,-1.0,-0.81,-0.271,0.1,0.95,0.01
